"id","escopo","executado","suite_automatizada","observacao"
"R01","regressão dos quatro fluxos (refúgio, apatridia, CRNM, reunião familiar)","revisão estática de código (trace manual das ramificações)","NÃO EXECUTADO como suíte automatizada","árvore de decisão e merge de variantes revisados linha a linha; sem execução interativa registrada"
"R02","caminhos in_brazil = Não","revisão estática de código","NÃO EXECUTADO como suíte automatizada","regra global outside→consular removida; cada fluxo declara outsidePoints/outsideSummary/outsideBody"
"R03","caminhos in_brazil = Não sei","revisão estática de código","NÃO EXECUTADO como suíte automatizada","órgãos territoriais removidos e whereSummary passa a exigir confirmação de localização"
"R04","refúgio fora do Brasil","revisão estática de código","NÃO EXECUTADO como suíte automatizada","estado refugio_location_blocked substitui integralmente a rota; nenhum ponto consular é apresentado"
"R05","refúgio com fear=Não e sem fundamento suficiente","revisão estática de código","NÃO EXECUTADO como suíte automatizada","fear=Não e fear em branco sem fundamento material resultam em needs_info (REFUGIO_INSUFFICIENT)"
"R06","CRNM via2 com residência válida / inválida / desconhecida","revisão estática de código","NÃO EXECUTADO como suíte automatizada","pergunta res_valid adicionada; no → blocked; unknown → needs_info; yes → rota segue sem afirmar elegibilidade"
"R07","apatridia com residência sim / não / desconhecida","revisão estática de código","NÃO EXECUTADO como suíte automatizada","APATRIDIA_BLOCK sem etapa consular; points reduzidos a DPU"
"R08","reunião familiar com respondente em localização diferente da pessoa beneficiária","revisão estática de código","NÃO EXECUTADO como suíte automatizada","variante passa a depender de benef_loc; pointsFromFlow impede sobrescrita pela localização do respondente"
"R09","parser pós-modelo (validador AI001)","NÃO EXECUTADO nesta versão","NÃO EXECUTADO","validador não foi alterado na V1.0.2; a evidência disponível é a suíte da V1.0.1 (ai_parser_regression_v1.0.1.json) e não é reexecutada aqui"
"R10","persistência local (localStorage)","NÃO EXECUTADO","NÃO EXECUTADO","sem execução registrada neste ambiente; APPV gravado no registro salvo passa a 1.0.2"