"source_id","instituicao","titulo","url","tema","data_verificacao","status_verificacao","http_status","observacao"
"refugio","GOV.BR / MJSP","Solicitar refúgio","https://www.gov.br/pt-br/servicos/solicitar-refugio","procedimento; órgão; etapas; documentos","2026-08-14","verified","não verificado neste ambiente","mantida sem alteração na V1.0.1"
"conareServicos","Ministério da Justiça","Serviços da Coordenação-Geral do Conare","https://www.gov.br/mj/pt-br/assuntos/seus-direitos/refugio/servicos","gratuidade dos serviços do Conare","2026-08-14","verified","não verificado neste ambiente","mantida sem alteração na V1.0.1"
"sisconare","Ministério da Justiça","Sisconare — Sistema do Conare","https://www.gov.br/mj/pt-br/assuntos/seus-direitos/refugio/sisconare","sistema oficial de pedido","2026-08-14","verified","não verificado neste ambiente","mantida sem alteração na V1.0.1"
"dprnm","GOV.BR","Obter Documento Provisório de Registro Nacional Migratório","https://www.gov.br/pt-br/servicos/obter-documento-provisorio-de-registro-nacional-migratorio","custo; procedimento","2026-08-14","verified","não verificado neste ambiente","mantida sem alteração na V1.0.1"
"protocolo","GOV.BR","Renovar protocolo de refúgio (Sisconare)","https://www.gov.br/pt-br/servicos/renovar-protocolo-de-refugio-para-solicitante-que-esta-no-sisconare","renovação de protocolo","2026-08-14","verified","não verificado neste ambiente","mantida sem alteração na V1.0.1"
"apatridia","GOV.BR / MJSP","Obter reconhecimento como apátrida","https://www.gov.br/pt-br/servicos/obter-reconhecimento-como-apatrida","requisito de residência no Brasil; procedimento; gratuidade","2026-08-14","verified","não verificado neste ambiente","mantida sem alteração na V1.0.1"
"apatridia_mj","Ministério da Justiça","Apatridia — informações institucionais","https://www.gov.br/mj/pt-br/assuntos/seus-direitos/migracoes/apatridia","órgão; contexto institucional","2026-08-14","verified","não verificado neste ambiente","mantida sem alteração na V1.0.1"
"crnm2via","GOV.BR","Solicitar 2ª via de CRNM","https://www.gov.br/pt-br/servicos/solicitar-2a-via-de-carteira-de-registro-nacional-migratorio-crnm","hipóteses de via de igual teor; etapas","2026-08-14","verified","não verificado neste ambiente","mantida sem alteração na V1.0.1"
"crnmSubst","GOV.BR","Obter Carteira de Registro Nacional Migratório (emissão e substituição)","https://www.gov.br/pt-br/servicos/obter-carteira-de-registro-nacional-migratorio","substituição por alteração de dados; emissão","2026-08-14","verified","não verificado neste ambiente","mantida sem alteração na V1.0.1"
"faqPf","Polícia Federal","Dúvidas frequentes — imigração","https://www.gov.br/pf/pt-br/assuntos/imigracao/pt/duvidas","renovação x emissão; atendimento presencial","2026-08-14","verified","não verificado neste ambiente","mantida sem alteração na V1.0.1"
"residencia","GOV.BR","Obter autorização de residência e CRNM","https://www.gov.br/pt-br/servicos/obter-autorizacao-de-residencia-e-carteira-de-registro-migratorio","taxa 140066; taxa 140120; procedimento","2026-08-14","periodic_review","não verificado neste ambiente","mantida sem alteração na V1.0.1"
"taxas","Polícia Federal","Taxas de migração","https://www.gov.br/pf/pt-br/assuntos/imigracao/card/taxas","incidência de taxas; isenções","2026-08-14","periodic_review","não verificado neste ambiente","mantida sem alteração na V1.0.1"
"docsPf","Polícia Federal","Documentação exigida — imigração","https://www.gov.br/pf/pt-br/assuntos/imigracao/pt/nacionalidade/objetivo/servico/documentos","documentos por serviço","2026-08-14","verified","não verificado neste ambiente","mantida sem alteração na V1.0.1"
"pfUnidades","Polícia Federal","Superintendências e delegacias da PF","https://www.gov.br/pf/pt-br/acesso-a-informacao/institucional/quem-e-quem/superintendencias-e-delegacias","localizador de unidade","2026-08-14","periodic_review","não verificado neste ambiente","mantida sem alteração na V1.0.1"
"reuniao","Ministério da Justiça","Autorização de residência — reunião familiar","https://www.gov.br/mj/pt-br/assuntos/seus-direitos/migracoes/autorizacao-de-residencia","rota de residência","2026-08-14","verified","não verificado neste ambiente","mantida sem alteração na V1.0.1"
"vistoReuniao","Ministério da Justiça","Visto para reunião familiar","https://www.gov.br/mj/pt-br/assuntos/seus-direitos/refugio/servicos/visto-para-reuniao-familiar","rota consular","2026-08-14","verified","não verificado neste ambiente","mantida sem alteração na V1.0.1"
"mre","Ministério das Relações Exteriores","Portal Consular — repartições e serviços consulares","https://www.gov.br/mre/pt-br/assuntos/portal-consular","localização de repartição consular; variação de taxas consulares","2026-08-14","needs_revalidation","não verificado neste ambiente","mantida com marca de revalidação"
"pfBahia","Polícia Federal","Superintendência Regional na Bahia","https://www.gov.br/pf/pt-br/acesso-a-informacao/institucional/quem-e-quem/superintendencias-e-delegacias/bahia/superintendencia-regional-na-bahia","endereço; horário; contatos DELEMIG","2026-08-14","periodic_review","não verificado neste ambiente","mantida sem alteração na V1.0.1"
"dpu","DPU","Defensoria Pública da União — onde nos encontrar","https://direitoshumanos.dpu.def.br/onde-nos-encontrar/","atendimento gratuito; unidades","2026-08-14","verified","não verificado neste ambiente","mantida sem alteração na V1.0.1"
"lei13445","Presidência da República","Lei nº 13.445/2017 — Lei de Migração","https://www.planalto.gov.br/ccivil_03/_ato2015-2018/2017/lei/l13445.htm","base normativa","2026-08-14","verified","não verificado neste ambiente","mantida sem alteração na V1.0.1"
"lei9474","Presidência da República","Lei nº 9.474/1997 — Lei do Refúgio","https://www.planalto.gov.br/ccivil_03/leis/l9474.htm","base normativa","2026-08-14","verified","não verificado neste ambiente","mantida sem alteração na V1.0.1"
"cras","Prefeitura de Salvador","CRAS — unidades","https://sempre.salvador.ba.gov.br/cras/","assistência social local","2026-08-14","periodic_review","não verificado neste ambiente","mantida sem alteração na V1.0.1"
"craiLf","Prefeitura de Lauro de Freitas","CRAI — notícia oficial de mapeamento (2021)","https://laurodefreitas.ba.gov.br/2021/noticias/sepadhir-divulga-resultado-do-mapeamento-de-pessoas-refugiadas-e-migrantes-em-lauro-de-freitas/3562","contexto local","2026-08-14","needs_revalidation","não verificado neste ambiente","mantida com marca de revalidação"
"disque100","GOV.BR","Denunciar violação de direitos humanos (Disque 100)","https://www.gov.br/pt-br/servicos/denunciar-violacao-de-direitos-humanos","canal 100","2026-08-14","verified","não verificado neste ambiente","mantida sem alteração na V1.0.1"
"ligue180","Ministério das Mulheres","Ligue 180","https://www.gov.br/mulheres/pt-br/ligue180","canal 180","2026-08-14","verified","não verificado neste ambiente","mantida sem alteração na V1.0.1"
"samu","Ministério da Saúde","SAMU 192","https://www.gov.br/saude/pt-br/composicao/saes/samu-192","canal 192","2026-08-14","verified","não verificado neste ambiente","mantida sem alteração na V1.0.1"
"anatel190","Anatel","Serviços de Utilidade Pública e de Emergência (tridígitos) — 190 Polícia Militar","https://www.gov.br/anatel/pt-br/regulado/acompanhamento-e-controle/servicos-de-utilidade-publica-e-de-emergencia-tridigitos","identificação do 190 como Polícia Militar; gratuidade das chamadas de emergência","2026-08-14","verified","não verificado neste ambiente","Fonte administrativa federal que enuncia expressamente 190 (Polícia Militar), 192 (SAMU) e 193 (Bombeiros). Nesta rodada não foi localizada página de serviço da SSP-BA ou da PMBA que enunciasse o número; a jurisdição registrada é federal, e não estadual."
